Pais,Densidad
Azerbaijan,113
St. Martin,730
Afghanistan,60
Algeria,18
Antigua and Barbuda,223
Aruba,593
Azerbaijan,295
Bahrain,2239
Bangladesh,1115
Belarus,47
Belgium,383
Bhutan,18
Bosnia and Herzegovina,64
Botswana,4
Burma,83
Cambodia,82
Cameroon,56
Croatia,73
Curacao,370
Cyprus,131
Czech Republic,134
Djibouti,43
Dominican Republic,225
France,117
Greece,82
Greenland,0.02
Hungary,104
Iceland,3
Iraq,83
Ireland,72
Jordan,115
Kazakhstan,7
Kyrgyzstan,34
Latvia,30
Lebanon,582
Liechtenstein,238
Luxembourg,242
Macau,21340
Malawi,129
Martinique,354
Mauritius,626
Mayotte,728
Moldova,105
Morocco,83
Norway,15
Papua New Guinea,20
Philippines,363
Poland,124
Qatar,232
Saudi Arabia,16
Somalia,25
Spain,91
Sweden,25
Switzerland,219
Thailand,137
The Bahamas,39
The Gambia,176
Timor-Leste,89
Monaco,19307
Singapore,8017
Barein,2617
Malta,1387
Maldivas,1188
Banglades,1145
Barbados,660
Mauricio,621
Libano,560
San Marino,539
Nauru,524
South Korea,520
Netherlands,504
Ruanda,465
Comoras,439
India,421
Haiti,417
Israel,390
Tuvalu,390
Belgica,372
Burundi,369
Filipinas,345
Japan,336
Sri Lanka,325
El Salvador,311
Islas Marshall,303
Grenada,302
San Vicente y las Granadinas,283
Vietnam,281
Santa Lucia,280
Reino Unido,271
Trinidad and Tobago,263
Tunisia,7
Pakistan,253
Jamaica,249
Kuwait,247
Liechtenstein,237
Germany,231
Catar,229
Luxemburgo,228
Seychelles,213
Republica Dominicana,211
Nigeria,207
Antigua y Barbuda,206
Suiza,204
Italy,201
Santo Tome y Principe,201
Gambia,199
Corea del Norte,198
Nepal,195
San Cristobal y Nieves,171
Andorra,170
Kiribati,161
Guatemala,155
Uganda,154
Micronesia,150
Mainland China,144
Malaui,144
Chipre,142
Tonga,139
Indonesia,136
Republica Checa,134
Cabo Verde,133
Denmark,133
Tailandia,132
Syria,130
Togo,130
Polonia,123
Ghana,120
Francia,119
Jordania,114
Azerbaiyan,113
Slovakia,111
Portugal,111
Emiratos arabes Unidos,108
Austria,105 
Hungria,105
Moldavia,105
Turkey,104
Slovenia,102
Sierra Leone,102
Armenia,101
Benin,101
Cuba,101
Albania,100
Costa Rica,97
Dominica,96
Malaysia,96
Egypt,93
España,92
Serbia,91
Ethiopia,88
Gracia,88
Iraki,88
Camboya,85
Marruecos,84
Romania,82
Timor Oriental,82
Macedonia,81
Kenya,79
Myanmar,79
Honduras,78
Senegal,76
Costa de Marfil,75
Brunei,74
Croacia,74
Ucrania,74
Uzbekistan,74
Burkina Faso,71
Samoa,69
Tunez,69
Irlanda,68
Bosnia y Herzegovina,67
Suazilandia,66
Ecuador,66
Bulgaria,64
Lesoto,63
Eritrea,62
Mexico,62
Tayikistan,61
Yemen,61
Tanzania,58
Georgia,53
Nicaragua,52
Panama,52
Camerun,50
Iran,49
Fiji,48
Bielorrusia,46
Guinea,46
South Africa,46
Montenegro,45
Guinea Ecuatorial,44
Lithuania,44
Yibuti,44
Afganistan,43
Colombia,43
Guinea-Bisau,43
Liberia,43
Madagascar,41
Palaos,37
Estados Unidos,36
Zimbabue,35
Mozambique,34
Venezuela,34
Congo (Brazzaville),32
Congo (Kinshasa),32
Kirguistan,31
Estonia,30
Letonia,30
Laos,28
Bahamas,27
Peru,25
Brazil,24
Chile,24
Suecia,24
Vanuatu,24
Angola,23
Islas Salomon,23
Sudan,22
Somolia,21
Sudan del Sur,21
Zambia,21
Butan,20
Uruguay,20
Finland,18
Papua Nueva Guinea,18
Argelia,17
Belicie,17
Niger,17
new Zealand,17
Paraguay,17
Argentina,16
Noruega,16
Arabia Saudita,15
Mali,15
Oman,15
Republic of the Congo,14
Chad,11
Bolivia,10
Turkmenistan,10
Russia,9
Republica Centroafricana,8
Gabon,7
Kazajistan,7
Botsuana,4
Canada,4
Libya,4
Mauritania,4
Australia,3
UK,430
US,36
Ukraine,73
United Arab Emirates,118
Guyana,3
Islandia,3
Namibia,3
Suriname,3
Mongolia,2
Hong Kong,6693
Palestine,812
Taiwan,651
Puerto Rico,384
Kosovo,162
Zimbabwe,38
